mysql> SELECT city FROM address_book WHERE firstName = 'Naina';
+-------+
| city  |
+-------+
| Delhi |
+-------+
1 row in set (0.00 sec)

mysql> SELECT state FROM address_book WHERE firstName = 'Indu';
+-----------+
| state     |
+-----------+
| Telangana |
+-----------+
1 row in set (0.00 sec)
